{
    "mean_time": [
        1.1665875434378891e-05,
        2.506029877415354e-05,
        3.445309077722285e-05,
        0.00037573310167072837
    ],
    "std_time": [
        1.590614434429417e-06,
        3.3242982234968493e-06,
        4.3305677075416635e-06,
        4.303644576363829e-05
    ],
    "mean_score_vol": [
        [
            0.08665742337280807,
            0.09821606512936971,
            0.13088960702725855,
            0.48391181676225664
        ],
        [
            0.056363980447141714,
            0.0887734829616847,
            0.11915659107824987,
            0.4705286249017096
        ],
        [
            0.16368455449594374,
            0.23258971672182033,
            0.20214726905521405,
            0.5160024213414564
        ],
        [
            0.07134159954160224,
            0.0968371286227995,
            0.09792959202438527,
            0.5016965736492479
        ]
    ],
    "std_score_vol": [
        [
            0.02349599825053376,
            0.03857732520399851,
            0.030144133810366843,
            0.04144198702820123
        ],
        [
            0.009995042913880814,
            0.025083224621625964,
            0.050687222087065324,
            0.04541857207759429
        ],
        [
            0.0494060095993861,
            0.049228948601778226,
            0.04009501801968841,
            0.03356813309185308
        ],
        [
            0.012900790998627188,
            0.023677312214083115,
            0.017916743358084773,
            0.015080598929275824
        ]
    ],
    "mean_score_surf": [
        [
            0.0,
            0.0,
            0.331114214271478,
            0.0
        ],
        [
            0.0,
            0.0,
            0.23591796893941847,
            0.0
        ],
        [
            0.0,
            0.0,
            0.46487470103430145,
            0.0
        ],
        [
            0.0,
            0.0,
            0.23914649919547348,
            0.0
        ]
    ],
    "std_score_surf": [
        [
            0.0,
            0.0,
            0.10010092714585285,
            0.0
        ],
        [
            0.0,
            0.0,
            0.09742493167022538,
            0.0
        ],
        [
            0.0,
            0.0,
            0.09019414079712751,
            0.0
        ],
        [
            0.0,
            0.0,
            0.06067173768040748,
            0.0
        ]
    ],
    "mean_rel_p": [
        2.294572861629481,
        1.7619065093370725,
        2.1411003122980494,
        2.2482575931871422
    ],
    "std_rel_p": [
        0.43724958297926325,
        0.08292461953858543,
        0.34185409934982175,
        0.39451872320394643
    ],
    "mean_rel_wss": [
        [
            107.3505287564465,
            375.8067202026203
        ],
        [
            68.24631884846863,
            199.39597647579265
        ],
        [
            198.77807756607967,
            552.3499178956569
        ],
        [
            85.61079839195203,
            201.09202740189428
        ]
    ],
    "std_rel_wss": [
        [
            10.400677871387154,
            252.87481773654386
        ],
        [
            17.92704064274668,
            21.112174547212796
        ],
        [
            52.29378745026089,
            172.97693018110778
        ],
        [
            15.194977302588534,
            25.05227562748794
        ]
    ],
    "mean_score_force": [
        [
            4.354597192748755,
            0.41277372843095483
        ],
        [
            6.046512962229848,
            0.2538439140520146
        ],
        [
            13.84568557545999,
            0.44245472880002373
        ],
        [
            9.814197174037957,
            0.3755577690316441
        ]
    ],
    "std_score_force": [
        [
            1.1279535635060727,
            0.09597284601842462
        ],
        [
            1.303979425774423,
            0.05187522861186286
        ],
        [
            4.3161653863863565,
            0.10681767249206997
        ],
        [
            1.2808746564359874,
            0.04704996439945977
        ]
    ],
    "spearman_coef_mean": [
        [
            0.3465384216943318,
            0.9572246172971337
        ],
        [
            0.5253598323359021,
            0.9894342930456057
        ],
        [
            0.08884316553642155,
            0.9784446445505186
        ],
        [
            0.5523604459355004,
            0.9816382312393916
        ]
    ],
    "spearman_coef_std": [
        [
            0.22225625322690384,
            0.03556365021609385
        ],
        [
            0.08841974753775014,
            0.0020724217511312645
        ],
        [
            0.27825272630580344,
            0.0025980592831731
        ],
        [
            0.05555211942370807,
            0.007293566083976546
        ]
    ]
}