{
    "mean_time": [
        1.3928877895750596e-05,
        2.0745357866824565e-05,
        3.350203375900971e-05,
        0.00035479278066962003
    ],
    "std_time": [
        1.8322461537704623e-06,
        2.5869285579033194e-06,
        3.802438793421698e-06,
        3.9771383074111734e-05
    ],
    "mean_score_vol": [
        [
            0.06964563567082074,
            0.10630422957308058,
            0.11711275349424591,
            0.5432622303586331
        ],
        [
            0.04434598570734699,
            0.09400058565186145,
            0.10908292816163098,
            0.5177791868874623
        ],
        [
            0.08680131470532708,
            0.15795925307415465,
            0.1623735670291353,
            0.46321609611908093
        ],
        [
            0.05689001560938184,
            0.10341843761698515,
            0.14886732279247014,
            0.5347786208676478
        ]
    ],
    "std_score_vol": [
        [
            0.005445736654395561,
            0.016512221838563122,
            0.025181980547540866,
            0.02366912730816309
        ],
        [
            0.0033430097790514914,
            0.021667587782653812,
            0.021635913839181124,
            0.03652331464894325
        ],
        [
            0.023371296621149982,
            0.053923831349608986,
            0.0660132019591076,
            0.039849906899182455
        ],
        [
            0.00708018003744083,
            0.02788073615521105,
            0.07502834251987407,
            0.05888535294908947
        ]
    ],
    "mean_score_surf": [
        [
            0.0,
            0.0,
            0.8762187178104128,
            0.0
        ],
        [
            0.0,
            0.0,
            0.7637613866373668,
            0.0
        ],
        [
            0.0,
            0.0,
            0.5846038972764106,
            0.0
        ],
        [
            0.0,
            0.0,
            0.6966720322484379,
            0.0
        ]
    ],
    "std_score_surf": [
        [
            0.0,
            0.0,
            0.15890811330225926,
            0.0
        ],
        [
            0.0,
            0.0,
            0.09451862791291245,
            0.0
        ],
        [
            0.0,
            0.0,
            0.03608149740965421,
            0.0
        ],
        [
            0.0,
            0.0,
            0.23168028853596326,
            0.0
        ]
    ],
    "mean_rel_p": [
        5.511474028868335,
        4.211633734283399,
        3.606126545445652,
        4.097152189971234
    ],
    "std_rel_p": [
        1.5272580033267333,
        0.8473826698952647,
        0.6989375064010089,
        1.1483723239054577
    ],
    "mean_rel_wss": [
        [
            132.47803605355392,
            289.5243912407851
        ],
        [
            72.59351991222255,
            168.91056325434664
        ],
        [
            130.74542928429543,
            355.82091934165777
        ],
        [
            105.93179656994116,
            255.6696189716687
        ]
    ],
    "std_rel_wss": [
        [
            33.205678514612735,
            74.34670560592028
        ],
        [
            21.73130643784571,
            28.476065597420657
        ],
        [
            35.0319364960804,
            46.57341740516387
        ],
        [
            24.828140850497345,
            72.1558709975318
        ]
    ],
    "mean_score_force": [
        [
            8.003289901810854,
            1.0605040742930367
        ],
        [
            5.588830012885849,
            0.8180770966518125
        ],
        [
            8.99073503374799,
            0.7158928338101405
        ],
        [
            10.23842160295447,
            0.6930312297534404
        ]
    ],
    "std_score_force": [
        [
            0.8481473493141792,
            0.2875276687640319
        ],
        [
            1.0895808490803227,
            0.30013284782574967
        ],
        [
            3.435709560567056,
            0.14541975012327382
        ],
        [
            3.3938977343169277,
            0.13563756963691168
        ]
    ],
    "spearman_coef_mean": [
        [
            0.03775597861167114,
            0.8607556040768515
        ],
        [
            0.05455904501589781,
            0.9077876148507042
        ],
        [
            0.12229087808493175,
            0.9357457625767995
        ],
        [
            -0.19545330666432917,
            0.9343932934360781
        ]
    ],
    "spearman_coef_std": [
        [
            0.1743285063168857,
            0.04894313461095561
        ],
        [
            0.17134975433994332,
            0.019463053600804418
        ],
        [
            0.299610434782021,
            0.02234510670116232
        ],
        [
            0.13369160518452944,
            0.022218182897027646
        ]
    ]
}