{
    "mean_time": [
        1.3887277537212812e-05,
        2.0896114533281555e-05,
        3.385841167821596e-05,
        0.00035940245907030904
    ],
    "std_time": [
        1.7237531026108127e-06,
        2.35801547168928e-06,
        3.67264510695386e-06,
        3.889027407639902e-05
    ],
    "mean_score_vol": [
        [
            0.016468892725184557,
            0.014511058180127292,
            0.03903500106040155,
            0.0500740365992533
        ],
        [
            0.014567488861153832,
            0.014535874344175682,
            0.046964349046378626,
            0.06110347092116717
        ],
        [
            0.03110982338991016,
            0.027761859017889946,
            0.03293768351443578,
            0.05578356525208801
        ],
        [
            0.01748885118914768,
            0.01825466061802581,
            0.0338776773751888,
            0.0433343916030135
        ]
    ],
    "std_score_vol": [
        [
            0.00032366374362319825,
            0.0007114668867776952,
            0.005698324766974657,
            0.007642650689735551
        ],
        [
            0.0012507611366533744,
            0.0012285483361687284,
            0.008043509391453747,
            0.007913312224806596
        ],
        [
            0.0030289988334544437,
            0.003949165409671556,
            0.010518663066222384,
            0.023598444020184663
        ],
        [
            0.001898302103751631,
            0.0018235914493585797,
            0.008444091994853048,
            0.010030201857782268
        ]
    ],
    "mean_score_surf": [
        [
            0.0,
            0.0,
            0.21916945985797792,
            0.0
        ],
        [
            0.0,
            0.0,
            0.19453903644473758,
            0.0
        ],
        [
            0.0,
            0.0,
            0.18267579828295855,
            0.0
        ],
        [
            0.0,
            0.0,
            0.14731879994308109,
            0.0
        ]
    ],
    "std_score_surf": [
        [
            0.0,
            0.0,
            0.05294877844807482,
            0.0
        ],
        [
            0.0,
            0.0,
            0.03355184229106764,
            0.0
        ],
        [
            0.0,
            0.0,
            0.04130986726257591,
            0.0
        ],
        [
            0.0,
            0.0,
            0.034672441175422106,
            0.0
        ]
    ],
    "mean_rel_p": [
        34.75791329848766,
        17.612412263438106,
        38.99919390866161,
        28.74588046693802
    ],
    "std_rel_p": [
        16.314662594823286,
        10.567789938758624,
        28.313362823339293,
        19.72492783180295
    ],
    "mean_rel_wss": [
        [
            94.76001068641025,
            126.19502535875856
        ],
        [
            86.2134135123971,
            107.06786730959575
        ],
        [
            150.99749068304374,
            190.02606507686872
        ],
        [
            100.54647122212619,
            139.44391532733079
        ]
    ],
    "std_rel_wss": [
        [
            32.085819120705516,
            19.391237810889347
        ],
        [
            17.059790472567883,
            27.4264306307414
        ],
        [
            23.542702302775222,
            23.265078483145718
        ],
        [
            20.04621766350046,
            17.24587535261118
        ]
    ],
    "mean_score_force": [
        [
            2.949434054181359,
            0.6621759336298944
        ],
        [
            3.503539851481731,
            0.3852940717035537
        ],
        [
            8.349820844198813,
            0.5867949054224805
        ],
        [
            6.871207864277021,
            0.4179604782118361
        ]
    ],
    "std_score_force": [
        [
            0.14379365650548268,
            0.16135431865574268
        ],
        [
            0.9977794639281831,
            0.0967129800329298
        ],
        [
            1.386616061046469,
            0.13488009758234318
        ],
        [
            1.800530197279006,
            0.1287209025960684
        ]
    ],
    "spearman_coef_mean": [
        [
            -0.24230375759393988,
            0.9234971874296859
        ],
        [
            -0.13895267381684545,
            0.9812969324233107
        ],
        [
            -0.05010875271881795,
            0.9493026325658143
        ],
        [
            -0.0949628740718518,
            0.9759651991299785
        ]
    ],
    "spearman_coef_std": [
        [
            0.07780504856984304,
            0.026007933786601184
        ],
        [
            0.1754787577396062,
            0.005773173234507091
        ],
        [
            0.27203306247458736,
            0.018814829808153653
        ],
        [
            0.2318284887929448,
            0.0091810084823594
        ]
    ]
}