{
    "mean_time": [
        1.1797660707789273e-05,
        2.5365227671427723e-05,
        4.310764213931295e-05,
        0.0003784054691227894
    ],
    "std_time": [
        1.5565856747080382e-06,
        3.185883205803794e-06,
        4.78552055967652e-06,
        4.325294650375357e-05
    ],
    "mean_score_vol": [
        [
            0.023215451238676906,
            0.018051173156825827,
            0.042504041941778266,
            0.062023612927529025
        ],
        [
            0.018691902975784613,
            0.018702060416573657,
            0.048475667063379656,
            0.051818506878917106
        ],
        [
            0.07520062872953712,
            0.06286020926758648,
            0.0751101148336893,
            0.07155885784141719
        ],
        [
            0.02647509852098301,
            0.0266816875183722,
            0.02880213375447783,
            0.053762315092724756
        ]
    ],
    "std_score_vol": [
        [
            0.0015263587752662503,
            0.0016774714163863488,
            0.004295339441125134,
            0.009509375527424212
        ],
        [
            0.001429917250872999,
            0.0018756029909289442,
            0.0025225535395404803,
            0.007788851679588669
        ],
        [
            0.015530104018514526,
            0.007959528108410637,
            0.031325394844257226,
            0.026851754540009463
        ],
        [
            0.0019234227966802367,
            0.0020872005324422864,
            0.004624543090443977,
            0.012573325692219644
        ]
    ],
    "mean_score_surf": [
        [
            0.0,
            0.0,
            0.12058619362249737,
            0.0
        ],
        [
            0.0,
            0.0,
            0.13998126390919788,
            0.0
        ],
        [
            0.0,
            0.0,
            0.1861645144188369,
            0.0
        ],
        [
            0.0,
            0.0,
            0.08412804266213789,
            0.0
        ]
    ],
    "std_score_surf": [
        [
            0.0,
            0.0,
            0.009750628826500586,
            0.0
        ],
        [
            0.0,
            0.0,
            0.006911701710596262,
            0.0
        ],
        [
            0.0,
            0.0,
            0.04399734115163225,
            0.0
        ],
        [
            0.0,
            0.0,
            0.010374368065914814,
            0.0
        ]
    ],
    "mean_rel_p": [
        17.000697294302284,
        12.213833408646284,
        15.262809645429254,
        14.50825940965116
    ],
    "std_rel_p": [
        13.570575482578422,
        4.991784387566822,
        7.784229298422671,
        11.933027357676197
    ],
    "mean_rel_wss": [
        [
            108.81556855315478,
            121.90282069916498
        ],
        [
            98.64630241467934,
            125.75897429709114
        ],
        [
            240.97125171678536,
            289.58914504344887
        ],
        [
            99.44354256428032,
            162.04889044940637
        ]
    ],
    "std_rel_wss": [
        [
            28.7652728673444,
            22.15962056417542
        ],
        [
            12.274563850834214,
            46.54046006335446
        ],
        [
            65.73618544891927,
            72.37016624010926
        ],
        [
            23.34332655736984,
            24.29047706205234
        ]
    ],
    "mean_score_force": [
        [
            4.539637462249674,
            0.19866239712175762
        ],
        [
            4.586785827625062,
            0.14963489711904127
        ],
        [
            16.047843874884613,
            0.20033279628461953
        ],
        [
            10.726128988009192,
            0.149561821140125
        ]
    ],
    "std_score_force": [
        [
            0.2559584342897229,
            0.03104818164162678
        ],
        [
            0.39578037805710925,
            0.01082524488304185
        ],
        [
            1.9280662371198611,
            0.04679854938050536
        ],
        [
            1.1539512301450952,
            0.01320630383951477
        ]
    ],
    "spearman_coef_mean": [
        [
            0.24755748893722346,
            0.9926639165979152
        ],
        [
            0.2540571514287857,
            0.9961251031275783
        ],
        [
            0.0481083027075677,
            0.9919993999849999
        ],
        [
            0.07412645316132906,
            0.9940028500712519
        ]
    ],
    "spearman_coef_std": [
        [
            0.06370967706142246,
            0.0018761348917139692
        ],
        [
            0.07130125419882248,
            0.0006540069923097592
        ],
        [
            0.07726859270803005,
            0.002469735029460318
        ],
        [
            0.02113484433448887,
            0.00032112716494922056
        ]
    ]
}