{
    "mean_time": [
        1.1746969298293706e-05,
        2.5290942393907136e-05,
        4.20936688303651e-05,
        0.0003766412033136635
    ],
    "std_time": [
        1.4871640795702306e-06,
        3.418012042519478e-06,
        4.455589459985908e-06,
        4.101676421763482e-05
    ],
    "mean_score_vol": [
        [
            0.01633584380382672,
            0.010861829134752043,
            0.008124164810578803,
            0.025946241135476156
        ],
        [
            0.015798925976036115,
            0.014104148173355497,
            0.008718938464997337,
            0.02109208909166046
        ],
        [
            0.06625544360745698,
            0.060102194145787505,
            0.025284399491851222,
            0.05257332985755057
        ],
        [
            0.028062543970067057,
            0.02954399333498441,
            0.0075677993146236995,
            0.01775718866614625
        ]
    ],
    "std_score_vol": [
        [
            0.0019341310930812159,
            0.0037552599414187498,
            0.0005663796367241128,
            0.0018789318082145733
        ],
        [
            0.0016094386440124349,
            0.0024303893912129416,
            0.0012228592730205584,
            0.0010229947566278293
        ],
        [
            0.01097485727656796,
            0.01129657599981461,
            0.00504238413627755,
            0.018865115783498344
        ],
        [
            0.00336956582902755,
            0.003959994863693055,
            0.000584457433327188,
            0.0008949251573358009
        ]
    ],
    "mean_score_surf": [
        [
            0.0,
            0.0,
            0.02003059345707879,
            0.0
        ],
        [
            0.0,
            0.0,
            0.018358947878863545,
            0.0
        ],
        [
            0.0,
            0.0,
            0.09955747902207077,
            0.0
        ],
        [
            0.0,
            0.0,
            0.014381033288780602,
            0.0
        ]
    ],
    "std_score_surf": [
        [
            0.0,
            0.0,
            0.004098227772140071,
            0.0
        ],
        [
            0.0,
            0.0,
            0.0036622607051810057,
            0.0
        ],
        [
            0.0,
            0.0,
            0.052370328687322026,
            0.0
        ],
        [
            0.0,
            0.0,
            0.0018693881011075462,
            0.0
        ]
    ],
    "mean_rel_p": [
        13.938468335002662,
        18.23187101719528,
        21.008734398499133,
        8.193288482792676
    ],
    "std_rel_p": [
        9.862117023413484,
        9.497027346275075,
        10.431566089352772,
        3.419064111775918
    ],
    "mean_rel_wss": [
        [
            119.34061943202373,
            188.74138805259318
        ],
        [
            105.00382982290807,
            135.02064717780837
        ],
        [
            219.1638219192201,
            338.3042321314766
        ],
        [
            120.03408385607258,
            225.38153483301335
        ]
    ],
    "std_rel_wss": [
        [
            19.369656359097313,
            34.15536587361458
        ],
        [
            34.75697040513047,
            58.397822689998144
        ],
        [
            25.141858001393224,
            78.43106897302634
        ],
        [
            10.8471062690876,
            60.015859155671315
        ]
    ],
    "mean_score_force": [
        [
            6.177830567839338,
            0.21085407468367512
        ],
        [
            7.365735690781383,
            0.14762402255824372
        ],
        [
            17.39165139517654,
            0.19733232125885397
        ],
        [
            13.319661910499601,
            0.1677695941301192
        ]
    ],
    "std_score_force": [
        [
            0.8995503683620877,
            0.028052552900817127
        ],
        [
            1.2117906251058415,
            0.026250399819477684
        ],
        [
            1.3727551856002937,
            0.02759196204671581
        ],
        [
            0.9238816200848247,
            0.02345986629193507
        ]
    ],
    "spearman_coef_mean": [
        [
            0.25034305857646444,
            0.9931586289657244
        ],
        [
            0.1939908497712443,
            0.9963732093302335
        ],
        [
            0.07374154353858846,
            0.9919276981924551
        ],
        [
            0.0920174004350109,
            0.9948677716942924
        ]
    ],
    "spearman_coef_std": [
        [
            0.09363543018307512,
            0.0016639321475887367
        ],
        [
            0.06670290995847968,
            0.0007687720144172478
        ],
        [
            0.0630330163829599,
            0.001749766990862638
        ],
        [
            0.051918720869587265,
            0.001077690080714113
        ]
    ]
}