{
    "mean_time": [
        1.3154967898205535e-05,
        2.0853418084967452e-05,
        3.380104074855123e-05,
        0.0003588127440283592
    ],
    "std_time": [
        1.5355367967675927e-06,
        2.478972948798914e-06,
        3.5911929476049166e-06,
        3.801358942115336e-05
    ],
    "mean_score_vol": [
        [
            0.00948593511886429,
            0.009778820788254962,
            0.007366653457167557,
            0.01899407006567344
        ],
        [
            0.008316587861976584,
            0.009937051391461863,
            0.0066075431572680835,
            0.01604178776068147
        ],
        [
            0.03499455147190019,
            0.036447095168987295,
            0.011515521464811173,
            0.02922053938033059
        ],
        [
            0.01517383054411039,
            0.020278708582278343,
            0.006573719655832974,
            0.0145636323193321
        ]
    ],
    "std_score_vol": [
        [
            0.0005778619024772964,
            0.0017228038928864713,
            0.001307699269993412,
            0.0010491433184652073
        ],
        [
            0.0001482642751033194,
            0.0005245458969418929,
            0.0005032864191521323,
            0.0021314444383760903
        ],
        [
            0.010435934977604358,
            0.012611378340221911,
            0.002300517182788694,
            0.0047728266122839995
        ],
        [
            0.0034294347919598634,
            0.003907104447465837,
            0.0007951713427902171,
            0.0014206946325442844
        ]
    ],
    "mean_score_surf": [
        [
            0.0,
            0.0,
            0.11295019327942282,
            0.0
        ],
        [
            0.0,
            0.0,
            0.06622035025490913,
            0.0
        ],
        [
            0.0,
            0.0,
            0.09251141247549094,
            0.0
        ],
        [
            0.0,
            0.0,
            0.038648960932274344,
            0.0
        ]
    ],
    "std_score_surf": [
        [
            0.0,
            0.0,
            0.01409467873767646,
            0.0
        ],
        [
            0.0,
            0.0,
            0.01028394041333,
            0.0
        ],
        [
            0.0,
            0.0,
            0.025891592551622964,
            0.0
        ],
        [
            0.0,
            0.0,
            0.007102731298246895,
            0.0
        ]
    ],
    "mean_rel_p": [
        52.614017011106014,
        37.578956415846946,
        31.724369962453842,
        23.928177685409782
    ],
    "std_rel_p": [
        50.3928094564156,
        27.061734941577804,
        20.912416369045822,
        12.664766655827673
    ],
    "mean_rel_wss": [
        [
            104.51412714588449,
            155.16790020968483
        ],
        [
            93.32175592503332,
            110.91811248639256
        ],
        [
            184.22120450755352,
            235.41227406968432
        ],
        [
            108.97373917419807,
            148.97793885245804
        ]
    ],
    "std_rel_wss": [
        [
            14.27665218784812,
            18.017210391651478
        ],
        [
            19.25184950176982,
            21.106704752052103
        ],
        [
            19.013452519821072,
            46.614711899446874
        ],
        [
            18.67661987003348,
            23.374186056509203
        ]
    ],
    "mean_score_force": [
        [
            4.288501201381392,
            0.7687747834346363
        ],
        [
            4.050440316792646,
            0.5170506157338652
        ],
        [
            14.63682453772517,
            0.7423407887667745
        ],
        [
            10.385023984561748,
            0.4887233480080798
        ]
    ],
    "std_score_force": [
        [
            0.678877007573527,
            0.10759004180694103
        ],
        [
            0.7041943658916671,
            0.16156938611425728
        ],
        [
            3.6681182615650285,
            0.18623244520285537
        ],
        [
            1.894577552629246,
            0.10475697891554482
        ]
    ],
    "spearman_coef_mean": [
        [
            -0.11686402160054003,
            0.9128571214280358
        ],
        [
            -0.3032637815945399,
            0.9651433285832146
        ],
        [
            -0.022034950873771844,
            0.9375750393759844
        ],
        [
            -0.1384033600840021,
            0.9666898672466813
        ]
    ],
    "spearman_coef_std": [
        [
            0.2560937899378121,
            0.018074136222122446
        ],
        [
            0.12411619247259272,
            0.011061096843292777
        ],
        [
            0.09651178360665176,
            0.023146704867052958
        ],
        [
            0.2577409177890778,
            0.01905841602794053
        ]
    ]
}