{
    "mean_time": [
        1.163952357852377e-05,
        2.5065009048852354e-05,
        3.2917897726432414e-05,
        0.0003755205362440253
    ],
    "std_time": [
        1.537078526198642e-06,
        3.2589456168458794e-06,
        3.7253282661157737e-06,
        4.303988127788878e-05
    ],
    "mean_score_vol": [
        [
            0.12441931380345786,
            0.06730903686388516,
            0.06690154027446331,
            0.13807117879783148
        ],
        [
            0.11901279105701587,
            0.06683416418973431,
            0.07983536121978577,
            0.15126124939180896
        ],
        [
            0.1321373338713461,
            0.11283892978380825,
            0.0837601860323752,
            0.13792672755211713
        ],
        [
            0.10158337919161683,
            0.05715590836020231,
            0.053785312102498276,
            0.10203448809296523
        ]
    ],
    "std_score_vol": [
        [
            0.021440408680184327,
            0.031271529242609064,
            0.014796985007705267,
            0.03485943330625266
        ],
        [
            0.02631418625788301,
            0.019659640261949947,
            0.05233701515732783,
            0.04834774419137648
        ],
        [
            0.027678088351915157,
            0.059870456248040584,
            0.049260258061457264,
            0.09842445986890745
        ],
        [
            0.010052454213311936,
            0.00511360070317599,
            0.01276192083370065,
            0.03435733595604976
        ]
    ],
    "mean_score_surf": [
        [
            0.0,
            0.0,
            0.1153807533605657,
            0.0
        ],
        [
            0.0,
            0.0,
            0.1253571795187928,
            0.0
        ],
        [
            0.0,
            0.0,
            0.14028069480665445,
            0.0
        ],
        [
            0.0,
            0.0,
            0.11683467812978168,
            0.0
        ]
    ],
    "std_score_surf": [
        [
            0.0,
            0.0,
            0.02180554065973325,
            0.0
        ],
        [
            0.0,
            0.0,
            0.042355907568788806,
            0.0
        ],
        [
            0.0,
            0.0,
            0.03172305865380152,
            0.0
        ],
        [
            0.0,
            0.0,
            0.02464798894799263,
            0.0
        ]
    ],
    "mean_rel_p": [
        27.633017376849363,
        13.184001338370745,
        18.86219532277976,
        12.07264533479728
    ],
    "std_rel_p": [
        10.26435209803247,
        3.6691132067199814,
        5.0874390714813185,
        7.289178166395882
    ],
    "mean_rel_wss": [
        [
            160.8585898192905,
            547.1836814372949
        ],
        [
            205.84688968340475,
            375.0159678895365
        ],
        [
            321.2463532241419,
            540.5690561090468
        ],
        [
            175.10615288521365,
            339.7155146706367
        ]
    ],
    "std_rel_wss": [
        [
            31.533433303969776,
            172.2758713377449
        ],
        [
            34.563455367466425,
            90.48890638340082
        ],
        [
            85.45161821724483,
            123.30710580348159
        ],
        [
            37.80966484229442,
            55.35911508600857
        ]
    ],
    "mean_score_force": [
        [
            8.292845730165757,
            0.6205195516693401
        ],
        [
            12.794281797453701,
            0.43331179868371483
        ],
        [
            17.110642760278857,
            0.38363681285984524
        ],
        [
            18.10287570600992,
            0.46641611291623664
        ]
    ],
    "std_score_force": [
        [
            3.0486365316092634,
            0.19103386505930442
        ],
        [
            3.979696569843506,
            0.06013826588931541
        ],
        [
            2.683746125784138,
            0.040206798229445166
        ],
        [
            0.6752898229073407,
            0.11785697398848805
        ]
    ],
    "spearman_coef_mean": [
        [
            0.15729703735610143,
            0.957829085952666
        ],
        [
            0.039408533311304776,
            0.970680603661067
        ],
        [
            0.11476589743741039,
            0.9805847597805798
        ],
        [
            0.19213871695470966,
            0.9644893210681488
        ]
    ],
    "spearman_coef_std": [
        [
            0.14270697839806487,
            0.022031149401680866
        ],
        [
            0.04639896759497591,
            0.01795601578413152
        ],
        [
            0.14758002217173374,
            0.0057528446462949
        ],
        [
            0.13001242167747354,
            0.015579662074055915
        ]
    ]
}