{
    "mean_time": [
        1.3369180420369964e-05,
        2.0960698508904746e-05,
        3.388450614412125e-05,
        0.00035837718498280853
    ],
    "std_time": [
        1.6854203838145036e-06,
        2.5023212818866383e-06,
        3.6988725419885168e-06,
        3.8948157385302335e-05
    ],
    "mean_score_vol": [
        [
            0.09505300954277177,
            0.0492418970236735,
            0.04300317991252204,
            0.13116656043951685
        ],
        [
            0.07557860145283367,
            0.03498115886698454,
            0.03826420482580415,
            0.16944651528986382
        ],
        [
            0.09421973447277841,
            0.0712855911590234,
            0.040111729515492994,
            0.12727046638329123
        ],
        [
            0.08382924662756494,
            0.05250253122348729,
            0.04482980802638321,
            0.12832475081123712
        ]
    ],
    "std_score_vol": [
        [
            0.01274528459427887,
            0.007997353422251505,
            0.0018759567190160052,
            0.034354158322641985
        ],
        [
            0.01046489447169613,
            0.006134047460520293,
            0.0024805037174817275,
            0.038342413498311245
        ],
        [
            0.0108158252666412,
            0.00801394848079889,
            0.0074366130491173845,
            0.04430195800995162
        ],
        [
            0.01815110647805289,
            0.013623046050882257,
            0.004010533285804398,
            0.030935343008384613
        ]
    ],
    "mean_score_surf": [
        [
            0.0,
            0.0,
            2.089834427494263,
            0.0
        ],
        [
            0.0,
            0.0,
            0.17974283305454938,
            0.0
        ],
        [
            0.0,
            0.0,
            0.20130953328419218,
            0.0
        ],
        [
            0.0,
            0.0,
            0.20588550998861227,
            0.0
        ]
    ],
    "std_score_surf": [
        [
            0.0,
            0.0,
            3.5537130340705896,
            0.0
        ],
        [
            0.0,
            0.0,
            0.033832973223336435,
            0.0
        ],
        [
            0.0,
            0.0,
            0.07582300440450213,
            0.0
        ],
        [
            0.0,
            0.0,
            0.04421347482829044,
            0.0
        ]
    ],
    "mean_rel_p": [
        50.71447464359864,
        22.018376682157957,
        17.38953137758879,
        22.06283295563753
    ],
    "std_rel_p": [
        27.567507500901197,
        10.234893191671384,
        20.704373276662082,
        7.347171815007053
    ],
    "mean_rel_wss": [
        [
            232.21527154798073,
            582.9223020811776
        ],
        [
            146.2708915792538,
            376.35131617439276
        ],
        [
            246.87341544327137,
            623.8360496873787
        ],
        [
            142.71339327437303,
            316.5860361237342
        ]
    ],
    "std_rel_wss": [
        [
            65.6536588711732,
            429.60646514964753
        ],
        [
            45.62256468801838,
            101.35647387611282
        ],
        [
            36.956104462217425,
            208.46519359240796
        ],
        [
            38.6133111007401,
            56.502635068445464
        ]
    ],
    "mean_score_force": [
        [
            13.396880647719948,
            3.329731430594233
        ],
        [
            8.971778827558783,
            0.6162746096632757
        ],
        [
            11.55796128988857,
            0.8970700369553786
        ],
        [
            13.26814523216412,
            0.8680452050323538
        ]
    ],
    "std_score_force": [
        [
            7.154431710525784,
            3.287352398913446
        ],
        [
            1.278218839190342,
            0.12412414844182647
        ],
        [
            2.782899183239877,
            0.3255389342238265
        ],
        [
            1.818486766469141,
            0.3688297635266217
        ]
    ],
    "spearman_coef_mean": [
        [
            -0.14646111271735987,
            0.6422645550723696
        ],
        [
            0.013036734581486967,
            0.9270901852955464
        ],
        [
            0.006212681760160177,
            0.8984744242581589
        ],
        [
            0.02799433944822404,
            0.9044680005743159
        ]
    ],
    "spearman_coef_std": [
        [
            0.15285809825527286,
            0.27374925180593174
        ],
        [
            0.06361128180775848,
            0.02715547358439498
        ],
        [
            0.24064149675202523,
            0.05556923410746035
        ],
        [
            0.11611117774821902,
            0.06355860405906473
        ]
    ]
}